source,product_name,rating,review_title,review_text,review_url,date
trustpilot,Notion,1,Very rigid refund policy despite limited usage and product complexity,"I purchased the Notion Business annual plan on January 14 for $288. After buying it, I spent time trying to integrate Notion into my workflow, but unfortunately I realized that the platform was not the right fit for my needs.

One of the biggest issues for me was how complex the system is for relatively simple use cases. Even basic workflow setups require a lot of manual configuration, and building structured processes takes significantly more time than expected.

In addition, some workflow and automation capabilities that I expected from a Business plan were either missing or required complicated workarounds. Because of this, I could not integrate Notion efficiently into my daily work.

When I contacted support, they explained their 30-day refund policy. I understand that policies exist, but when I requested support it had been less than two months since the purchase and my actual usage was quite limited.

They asked me to downgrade my workspace to the Free plan, which I did, but even after following their instructions they refused to offer any partial refund or credit for the unused months of the annual subscription.

I was not asking for a full refund anymore — only a reasonable prorated refund for the unused portion of the subscription.

It’s disappointing to see such a rigid approach, especially for small business users where $288 is a significant expense.

I hope Notion will reconsider situations like this in the future and provide more flexible solutions for customers who clearly did not fully use the service.",https://www.trustpilot.com/reviews/69aeb52813636144c7bc84ad,2026-03-09T13:55:20.000Z
trustpilot,Notion,1,They pivot projects and features…,"They pivot projects and features without finishing them. Notion mail sucks, notion ai sucks, now they roll out agents. yet still cant work off line. Migrating off as soon as possible. Truly a bad app in 2026",https://www.trustpilot.com/reviews/69a5b8cebd69a5016ecb89b9,2026-03-02T18:20:30.000Z
trustpilot,Notion,1,API changes,they changed the api integration so that it's unpossible now tu use it!,https://www.trustpilot.com/reviews/69a5aee475ed136c63436d2e,2026-03-02T17:38:12.000Z
trustpilot,Notion,2,Notion is really complicated and slow…,Notion is really complicated and slow nowadays. It lost the charm now.,https://www.trustpilot.com/reviews/699c06639e2b051ba3ec37a5,2026-02-23T09:48:51.000Z
trustpilot,Notion,1,the worst app,"the worst app
cant even load first of all and secondly it may look good but doesnt even improve your productivity.
0/5 stars if i could do it",https://www.trustpilot.com/reviews/69970ee90bb9cdeb7733e6cd,2026-02-19T15:23:53.000Z
trustpilot,Notion,1,worst software ever its always buggy…,worst software ever its always buggy almost every day dont use it its just a scam,https://www.trustpilot.com/reviews/699440298bd155ce7ca45650,2026-02-17T12:17:13.000Z
trustpilot,Notion,1,It pains my heart to write this review…Notion is not good anymore,"It pains my heart to write this review because I love Notion software. They have the absolutely WORST billing experience I've ever encountered. They can bill you for users you never added, or even if you did accidentally add them, they still didn't do anything, so its like clearly it's a whops, NOPE. They' take their money. I remember when Notion was customer-first. Now IDK if its because they have investors they need to pay. But stealing money from your best users to pay investors is literally CRAZY.",https://www.trustpilot.com/reviews/698e07bc5337419b0db1741e,2026-02-12T19:02:52.000Z
trustpilot,Notion,1,Started out as a very neat tool - beware scam pricing,"Started out as a very neat tool. However have a nasty habit of attempting to charge you piecemeal for lots of interlinking services. Was paying 50GBP a month for something I didn´t use, on deliberately opaque pricing.",https://www.trustpilot.com/reviews/698b516c3e322e83669e500b,2026-02-10T17:40:28.000Z
trustpilot,Notion,1,Refund refused for unused subscription,"I am leaving this review to share my experience with Notion regarding billing and refunds.

I was charged for a monthly Business subscription associated with a workspace called “Circle For Pets”. The subscription was not actively used, and no paid features were accessed during the billing period. I only became aware of the charges later when reviewing my bank statements.

As soon as I noticed the issue, I contacted Notion Support in good faith to explain the situation and request a refund. I provided all the requested information, and my case was escalated internally.

Despite acknowledging that the subscription was unused, Notion refused to issue any refund, stating that their policy only allows refunds if contacted within three days of invoice creation. No exception was considered, even though the service was not used at all and I contacted them immediately upon discovering the charges.

While I understand that companies have internal policies, I find it unreasonable and unfair to completely deny refunds in cases where no service was consumed and the customer acts promptly once aware of the billing.

This experience left me disappointed, particularly due to the lack of flexibility and consideration for exceptional circumstances. I believe potential users should be aware of how strict and inflexible Notion’s refund practices can be.",https://www.trustpilot.com/reviews/6982a386ba78d10e23a76870,2026-02-04T03:40:22.000Z
trustpilot,Notion,1,"Paying customer, same limits as free users","I'm a paying Plus plan subscriber and was told I've ""run out of free AI responses"" after asking just 2 questions. Turns out paying customers on Plus get the same 20 lifetime AI responses as free users.
This was not disclosed when I subscribed. The pricing page buries this limitation. To get actual AI access, you have to upgrade to Business at $20/month - double what I'm already paying.
I cancelled immediately. When I see the reviews here about billing issues, surprise charges, and unresponsive support, it's clear this is a pattern, not an accident.
They changed their pricing model in May 2025 to force users onto expensive plans. Previously you could add AI to any plan for $8/month. Now it's bundled only into Business tier, and existing Plus customers are left with a useless 20-response ""trial.""
Switched to other tools. Don't give them your money.",https://www.trustpilot.com/reviews/6974f3a966454247c02bd65e,2026-01-24T18:30:33.000Z
trustpilot,Notion,1,"great tool, bad business practices","Notion is a great productivity tool, but their billing practices are deeply questionable and completely lack accountability.

I upgraded to “Plus & AI” inside the Notion iPad app and was charged 20 CHF. Despite this, my workspace still showed the Free plan and I was locked out of the features I paid for. When I contacted support, I was told that because the purchase went through Apple, Notion “cannot see it” and that I would need to subscribe again.

In other words: I paid through their own app, yet they claim the payment is invisible to them — and the proposed solution is to pay again.

There was no warning at purchase time that Notion would not be able to track or reconcile in-app subscriptions, and no clear process to resolve the issue internally. This puts all the burden and risk on the customer.

It’s unacceptable to charge users without being able to associate the payment to their own product. Until this is fixed, I cannot recommend trusting Notion with any paid features.",https://www.trustpilot.com/reviews/69680a8c76c2f24d8680f2bb,2026-01-14T23:28:44.000Z
trustpilot,Notion,1,Way too expensive,"Great app/website for making lists, but why is it so expensive? I've stopped using it because i've reached my free limit, why would I pay 8.99 a month so I can make lists on my laptop. Silly",https://www.trustpilot.com/reviews/69662167269a56dd54a380f7,2026-01-13T12:41:43.000Z
trustpilot,Notion,1,Absolutely unbareably shit,"Absolutely terrible and shit
As a developer I used notion to try out new capabilities to ease procedures for certain aspects of a clients company.

The site is crap, its buggy, it is complicated, you can get lost for hours to realise its a complete waste of time and effort. My client was not impressed and it wasted a lot of time.

I was billed £163 as a result to use business for a month, I tried to cancel and was told that I was not entitled to a refund because I did not cancel beforehand even though I did not pay for the subscription or use it at all.

Customer service are ugly as well, for a company that does very well squabbling over £163 I honestly think that they as a company should fail and that no one should bother trying to get used to notions buggy and horrible interface that makes normal tasks confusing and terrible. Everything you want to do is better done in an excel spreadsheet or on an AI platform builder like Manus.im

Do not waste your time learning how to use notion, trust me, its shit.",https://www.trustpilot.com/reviews/69611b783d3383a0c5c19d64,2026-01-09T17:15:04.000Z
trustpilot,Notion,2,i loved notion before,"i loved notion before, but sadly it has changed... it's often buggy and slow now, which make managing tasks frustrating... i hope they improve soon",https://www.trustpilot.com/reviews/691bdfef84ae033b3cc4e3b8,2025-11-18T04:54:39.000Z
trustpilot,Notion,1,it feels like their servers up with…,it feels like their servers up with raspberry pi,https://www.trustpilot.com/reviews/69173265f93cfb2c74da38a9,2025-11-14T15:45:09.000Z
trustpilot,Notion,2,It can be really useful when it works…,"It can be really useful when it works properly, but the problem is its often slow or goes down, which makes it frustating to rely on.",https://www.trustpilot.com/reviews/6915f8637ebb40daf65fe059,2025-11-13T17:25:23.000Z
trustpilot,Notion,1,Love the tool but the billing practice…,Love the tool but the billing practice is a scam. I will look for a different company and product. This is a rip off.,https://www.trustpilot.com/reviews/6915c1917976fa813adba2e6,2025-11-13T13:31:29.000Z
trustpilot,Notion,1,Scammers they put you on a free trial…,"Scammers they put you on a free trial then ""invoice you"" and you cant cancel the suscription untill you pay the invoice. its such a scam ""must pay Invoice before you can edit plan... No way to cancel no way to remove card. I have to cancel my card now to avoid the 96 dollar charge every month that. Theres no way this billing department is regulated. these are scumbags,,,",https://www.trustpilot.com/reviews/69080752c6d71b97d83ed097,2025-11-03T03:37:22.000Z
trustpilot,Notion,1,I got stuck with a yearly plan I never wanted,"I have been using Notion for some time and I actually like that a lot
The problem started when I switched from monthly to yearly by mistake and then tried to go back to monthly
Instead of letting me change it they told me I have to pay the full yearly price first which is 227 even though I never wanted that plan
I reached out to support and they were polite but kept saying the same thing about paying first and then getting a refund later
That doesn’t make sense because I never asked for a yearly plan and I don’t want to pay for something I didn’t agree to
It feels unfair and confusing because it should be simple to fix billing mistakes
I just want to go back to my monthly plan and not be charged for a full year I never used
Hopefully Notion helps me with this soon because I really like using the app and want to keep it that way

If this issue is resolved I’ll gladly update this review",https://www.trustpilot.com/reviews/68fa19a8bd3948ba89e5600c,2025-10-23T14:03:52.000Z
trustpilot,Notion,1,Notion Broke My Brain,"Notion Broke My Brain

Tried to use Notion to get organized. Ended up lost in a maze of templates, blocks, and empty pages. Just wanted to use it for schoolwork notes — got a digital Rubik’s Cube with zero instructions. Every click made things worse. I don’t need a second brain, I need an exorcist. And looks like it's not just me bc I'm seeing lots of negative reviews on this site. Horrible experience.",https://www.trustpilot.com/reviews/68f69defde39532c0bdba80d,2025-10-20T22:39:11.000Z
trustpilot,Notion,2,Generally unprincipled business practices with little to no interest in customer success,"This company has a clear strategy of reaping as much money out of promised AI features as they can before the market catches up and customers flee to more customer-centric options. They display zero interest in helping any customer with a problem and will delay or refuse refunds for poor or non-existent features.

I recently upgraded to the Business plan to trial their AI only to find that I'm presented with a blank screen. After 4 exchanges with customer support (after ""escalation"") it became clear they hadn't actually looked into any of the issues I reported and were simply attempting to fob me off with unproductive, fake troubleshooting steps.

It's a shame, because the app is decent. They should sell it to a company that actually cares about their customers instead of just trying to rip them off.",https://www.trustpilot.com/reviews/68d69e695a29c919c4db7bae,2025-09-26T16:08:41.000Z
trustpilot,Notion,1,Billing department are scammers,"Product is OK, billing department is a total scam. Tried to unsubscribe and it simply removed access to my billing page, then had my emails ignored, then had a refund, then had the money taken AGAIN a couple of months later. Completely untrustworthy company - take a look at Anytype instead.",https://www.trustpilot.com/reviews/68d14acd079009548994ee09,2025-09-22T15:10:37.000Z
trustpilot,Notion,1,Nonexistent customer support for paid customers,"Great software. Totally unsatisfactory customer support for paid customers. Notion's AI pointed me to a feature that turned out to be nonexistent. So I reached out to the Notion team for advice on how to solve a very simple issue, given that there was no explanation in the support documentation and the AI hallucinated. It took a couple days for a specialist to get back to me. The answer was essentially: I can't give you a workaround, but you can pay for a specialist or ask the Notion community. Awful. I get better customer support from virtually every other SaaS company.",https://www.trustpilot.com/reviews/68cc214296c6aa882b1c0fce,2025-09-18T17:12:02.000Z
trustpilot,Notion,1,Stay away,Terrible product,https://www.trustpilot.com/reviews/68c6846e10102ac17fe3a003,2025-09-14T11:01:34.000Z
trustpilot,Notion,2,Going back to Apple Notes…,"To close your account you need to provide your email that you sign into with, yet it doesn’t recognise it at all. No customer support either. They don’t respond to emails. I’m never creating accounts or downloading apps ever again. I don’t need the headaches when things go wrong.",https://www.trustpilot.com/reviews/68bc30eadb4990384648f667,2025-09-06T15:02:34.000Z
trustpilot,Notion,1,Never sign up for a paid Notion subscription – it’s a trap.,"Never sign up for a paid Notion subscription – it’s a trap.

Even if you cancel your subscription, don’t use the paid features, and even if your card is blocked – Notion will keep generating invoices and increase your debt.

I now owe €23 for two months, despite not using the service at all. I contacted support, asked to be downgraded to the free plan – nothing helped.
They just say: ""It’s our policy.""

📌 They block your access completely.
📌 You have to pay for a service you didn’t use.
📌 Even with no valid card or a blocked card, the debt keeps growing.
📌 They don’t stop the paid plan, even if no payment goes through!

This is a ridiculous and user-hostile policy.
I’m extremely disappointed. The product is great, but the billing system is dishonest and aggressive.

⚠️ Don’t fall for their subscription. You won’t be able to get out.",https://www.trustpilot.com/reviews/68a4b5b3fc7ef783183c892c,2025-08-19T19:34:43.000Z
trustpilot,Notion,1,Notion by mistake upgraded my free…,"Notion by mistake upgraded my free educational account to a business account. Took immediate action and asked them to downgrade, but they still charged me 60 USD for the month I was at ""business"" level even though I barely used the system.",https://www.trustpilot.com/reviews/68a314314133e8441bf1d4db,2025-08-18T13:53:21.000Z
trustpilot,Notion,2,Great tool if someone explains how to…,Great tool if someone explains how to use it and builds everything for you. Otherwise - waste of time. No support.,https://www.trustpilot.com/reviews/6890580d7775783494d932ac,2025-08-04T08:49:49.000Z
trustpilot,Notion,1,Recently came into error with Notion…,"Recently came into error with Notion Calendar, which is now part of Notion. Zero help from the support, and I can't use it anymore.",https://www.trustpilot.com/reviews/68889a8584e91839b0c78ebd,2025-07-29T11:55:17.000Z
trustpilot,Notion,1,dont go for this idiotic service,"H.. moly, they just keep f you over, now AI has moved from my current plan to the business plan and all of a sudden all users should pay extra for it. those people.. Im furious. As a business developer looking for integrated innovative tools, i will ditch this software asap. dont try to milk your customers dry for the sake of it.",https://www.trustpilot.com/reviews/687a02a50a78986cb84eabc4,2025-07-18T10:15:33.000Z
trustpilot,Notion,1,Be careful with their weird billing,Be careful with their weird billing! There a lot of unexpected bills!,https://www.trustpilot.com/reviews/6875f4917c33faa65be04d2e,2025-07-15T08:26:25.000Z
trustpilot,Notion,1,Paid Lenny's subscription full year…,"I paid for a full year of Lenny's subscription, but my access keeps getting denied. Every few days, I'm asked to fill out another form, and support repeatedly claims I'm not a subscriber—even though I clearly am. After going through this frustrating process three times, I gave up. Do not buy Lenny's for this crap app, Notion will not enable your account.",https://www.trustpilot.com/reviews/686eca09171b7cad6f0285ce,2025-07-09T21:59:05.000Z
trustpilot,Notion,1,you pay for no value !,"they made me pay for an invoice they made 3 months ago to a service i did not use , they say they can not refund it because the invoice was made 3 months ago! .
again great product but horrible costumer service and a pay wall to basic features",https://www.trustpilot.com/reviews/686d3974fef433ea6d4d1475,2025-07-08T17:29:56.000Z
trustpilot,Notion,1,Quite possibly the worst customer…,Quite possibly the worst customer service in the world.,https://www.trustpilot.com/reviews/6863d6a1ccc278df760ed12b,2025-07-01T14:37:54.000Z
trustpilot,Notion,1,Unauthorized Charges After Cancellation,Unable to cancel subscription! The only way to stop AI payments is to block your credit card.,https://www.trustpilot.com/reviews/68520bd4dbc4b639bd31691f,2025-06-18T02:44:04.000Z
trustpilot,Notion,1,"REACH OUT FOR CLASS ACTION LAWSUIT! EASY INCLUSION, NO COST! ianfridge (@) gmail.com","Great product, which makes it extra sad not being able to take advantage of it due to absolutely horrible management and monetary practices. Customer service is a joke, they set you up to make mistakes on what you select then hold your feet to the fire for any charges incurred.
If you've been screwed over, please reach out! I've sought legal assistance and pursuing action against them. Just having names of people interested in holding them accountable will help this develop!",https://www.trustpilot.com/reviews/684773b6eacd3c99c246a7e4,2025-06-10T01:52:22.000Z
trustpilot,Notion,1,Good tool. Scammy Company dont get sucked in by Youtubers,"Notion is good tool but a very scammy company. They've price increased in the last year, which is fine, and this year with them wanting to push Notion AI have decided to move a bunch of features namely all the integrations from their Plus plan to the Business plan essentially asking you to pay double the price to keep the features you had. This would have been slightly less scammy if they'd allowed annual plan users like us who are prepaid until March 2026 to keep the features we were sold in March 2025 until the next renewal. But no, Notion was happy to take nearly $4000 from us and then pull the features from under us a month later. A company that is willing to treat customers like that should not be getting any business and especially not trusted with anyones critical data for anything",https://www.trustpilot.com/reviews/682eb9a5f3c2882e65a4cce0,2025-05-22T07:44:05.000Z
trustpilot,Notion,1,Notion excels at turning raving fans into haters!,"Getting a terrible bug in Notion Calendar, can't use it at all. It's making running my business impossible. They haven't replied yet in 4 days. It's clearly a bug with their backend, I got the same bug on any device I try to use Notion Calendar. No matter OS, or Device I use. I can't use Notion anymore. This is a terrible user experience, and for a company like Notion it's definitely expected a much better support.

EDIT: More than 1 Week Later, Multiple Bug Reports Submitted, Still ZERO help from the company. I guess they don't even have a support team at this point. I can't believe it.

UPDATE: More than 2 weeks later, some support specialist has shown up and asked me to perform a task in notion calendar to send the bug report through their system. Ridicolously enough, there is a bug in that feature as well that's freezing up the app and it's impeding me to send them the bug report as requested. At this point it's clear that the Notion Calendar App/Integration is ran by a bunch of incompetent people that don't know what they are doing and don't care about the product or its users.

UPDATE 2: More than 4 weeks in, still ZERO help. No suggestion on how to troubleshoot or fix the issue yet. None reaching out, other than low level employee saying ""they are escalating the task to the support team"". This is absolutely INSANE!

Please don't use Notion if you have a business.

If you wish to write a guide on ""How to turn raving fans into your worst haters..."" ask Notion. They are top performer at that!",https://www.trustpilot.com/reviews/682dbd16cc6db6029693dd34,2025-06-06T07:31:59.000Z
trustpilot,Notion,2,JUST MONEY HUNGRY,"JUST MONEY HUNGRY
So they have slow file upload for mp4 files and they acknowledged it that there is a issue but they have other things that are more important to deal with at present according to them.
But a issue/bug that was raised a year ago now and they also acknowledged of this bug and still not fixed as they still have not gotton around to it.
WTF 1 F********* Year and we pay your wages.
Going to Word Press or someone else.",https://www.trustpilot.com/reviews/681051d298018c5b87b186f3,2025-04-29T06:13:06.000Z
trustpilot,Notion,1,Shady billing policies that are UNETHICAL,"I loved notion as a platform, however a small nonprofit, they changed my plan to enterprise without me knowing, NEVER sent an invoice or notification of subscription renewal. I went from a $200 yearly charge to $1482 and they refuse to give a refund. It's extremely unethical and I’m not alone..

I was an unoffficial ambassador to the product, now i'll only be warning people. HORRIBLE CUSTOMER SERVICE.",https://www.trustpilot.com/reviews/680fc144e8056c7ee882bf78,2025-05-12T20:00:15.000Z
trustpilot,Notion,1,Misleading and Disappointing,"Misleading and Disappointing: Why Notion’s Affiliate Program Isn’t Worth Your Time

I’ve rarely felt so frustrated by a company as I have with Notion. What was supposed to be a mutually beneficial affiliate partnership turned into a deeply disappointing experience that left me feeling ignored and exploited.

The main issue? Notion has failed to honor even the most basic commitments to its affiliates. I invested time and effort into referring new users to their platform, expecting fair compensation as promised. Instead, when it came time to receive earnings, I was met with complete silence. Despite multiple follow-ups, I’ve received no response, no payment—nothing.

The lack of communication and accountability is staggering. It’s not just unprofessional—it’s downright disrespectful. Notion’s affiliate program lacks transparency, and their support is virtually nonexistent. For a company that promotes productivity and collaboration, the disconnect between their values and their treatment of partners is astounding.

This isn’t just a case of poor service—it borders on deceptive business practices. If you’re considering joining Notion’s affiliate program, I strongly urge you to reconsider. There’s a very real risk that you’ll do the work and see none of the promised rewards.

After this experience, I’ve completely lost trust in Notion. Their failure to communicate, pay, or take responsibility speaks volumes. Affiliates deserve better.

Think twice before promoting Notion. Your time and trust are worth more.",https://www.trustpilot.com/reviews/6801d195719a3d49ffdb064b,2025-04-18T06:14:13.000Z
trustpilot,Notion,2,I strongly advise against Plus plan,"I strongly advise against switching to the Plus plan. If you upgrade from the Free plan and miss a prepaid invoice, they won’t just downgrade you back — instead, they’ll issue another invoice and lock you out of all your data and workspaces, including content created during your time on the Free plan.

Considering this risk — along with the underwhelming AI features — the Plus plan simply isn’t worth it. There are better, more user-friendly alternatives out there.",https://www.trustpilot.com/reviews/67fe81b7cc3d52c9f826f694,2025-04-15T17:56:39.000Z
trustpilot,Notion,1,I had to cancel my credit card because of Notion,"I had to cancel my credit card because of this app.

The app was fine. The one star is because after upgrading to a paid account in February 2024 I was never able to stop the payments, even though I stopped using it and closed my account. Again: the app worked fine. Used it together with some other people for a creative project: we liked it fine. We didn't like it enough to keep using it, so I reverted it back to a free account sometime in the fall of 2024. Then later on, realized I was still getting charged. I assumed I'd done something wrong, so on December 9 2024 logged in to my free account to figure out what step I failed to take. I thought I'd gotten it done but a couple months later: still getting charged. Every month. So on February 10 2025 I write to their billing dept, explaining all this. They never respond, I keep getting billed, and now, April 11 2025, I'm on the phone with my credit card company, who tell me the only way to stop the charges is to fully cancel my credit card.

So again: it's fine. The app is fine. But whatever's going on in their billing department cancels out all of its qualities.",https://www.trustpilot.com/reviews/67f95eaf4bbdfc2fcc79c5fc,2025-04-11T20:25:51.000Z
trustpilot,Notion,2,They claim on their website that there…,They claim on their website that there is a 90 day devolution policy guarantee but in reality they don't accept anything back and their TCs expresse the opposite of what is displayed in their website.,https://www.trustpilot.com/reviews/67f7a59a71aa110167c53411,2025-04-10T13:03:54.000Z
trustpilot,Notion,1,Disheartening and Deceptive: Notion’s Affiliate Program is a Total Letdown,"Disheartening and Deceptive: Notion’s Affiliate Program is a Total Letdown

I’ve never been so let down and frustrated by a company before. Notion’s affiliate program has proven to be a total disappointment, and I feel completely taken advantage of. I joined with the hope of earning commissions by promoting their platform, but my experience has been an absolute nightmare.

The core issue here is Notion’s failure to fulfill even the most basic commitments to its affiliates. After putting in the time and effort to refer users, I’ve been completely ignored when it comes time to receive my earnings. Despite multiple attempts to contact them, all I’ve received is silence. No replies, no updates—just nothing.

The level of disregard Notion has shown its affiliate partners is truly shocking. They lack transparency and seem completely indifferent to fulfilling their responsibilities. Getting any kind of direct communication from them is nearly impossible, and it’s clear they don’t value the people who help promote their product.

This goes beyond poor customer service—it’s bordering on fraudulent. If you're thinking about joining Notion’s affiliate program, do yourself a favor and steer clear. You’ll likely end up with unpaid commissions while they dodge accountability and refuse to honor their promises.

After this awful experience, I wouldn’t trust Notion with anything. Their complete lack of respect and accountability towards their affiliates is beyond frustrating. It’s high time they take responsibility for their actions and start treating their partners with the respect they deserve.

STEER CLEAR OF NOTION! Don’t waste your time with them!",https://www.trustpilot.com/reviews/67f2af1d2cbdff93be4f341c,2025-04-06T18:43:09.000Z
trustpilot,Notion,1,Disappointing and Deceptive: Notion’s Affiliate Program is a Total Scam,"Disappointing and Deceptive: Notion’s Affiliate Program is a Total Scam

I’ve never been this frustrated and disillusioned with a company before! Notion’s affiliate program is a complete scam, and I feel completely ripped off and taken for granted. I joined the program with high hopes of earning commissions by referring users to their platform, but my experience has been nothing short of a disaster.

The biggest issue here is Notion’s failure to meet even the most basic promises made to its affiliates. After referring users and putting in the effort, they completely vanish when it’s time to pay out commissions. Despite my repeated attempts to reach out, I’ve received nothing but silence. No responses, no updates, absolutely nothing.

The level of disrespect Notion has shown toward its affiliate partners is astonishing. They have no transparency and are completely negligent in fulfilling their obligations. Getting any sort of clear answer from them is impossible, and it’s evident that they don’t care at all about the people who help promote their product.

This is more than just unprofessional—it’s outright fraudulent. If you’re thinking about joining Notion’s affiliate program, don’t waste your time. You’ll end up with unpaid commissions while they continue to dodge responsibility for their complete failure to deliver. I strongly advise anyone considering this to think twice and avoid the hassle.

After this awful experience, I wouldn’t trust Notion with anything. They’ve shown nothing but disdain for their affiliates, and their total lack of accountability is beyond frustrating. It’s time for them to step up, own their mistakes, and start treating their partners with the respect they deserve.

AVOID NOTION AT ALL COSTS! Don’t waste another minute on them!",https://www.trustpilot.com/reviews/67efaa7cd419b68782d83e2a,2025-04-04T11:46:36.000Z
trustpilot,Notion,1,Horrible billing terms,"Useful tool, horrible billing practices. You'll get charged a full year subscription for new members without any prompt or notification. No refund given if you do not spot the mistake within 3 days. Dark UX patterns in their billing.",https://www.trustpilot.com/reviews/67ef89405a08a7030eda8f3e,2025-04-04T09:24:49.000Z
trustpilot,Notion,1,Terrible UX w/r/t billing,Terrible UX w/r/t billing. I incurred thousands of dollars of fees because an admin added users without ANY indication or UX showing that they would be added to the annual plan. Notion does not acknowledge that this is NOT industry standard UX. Terrible customer service. Would simply not respond to the issue.,https://www.trustpilot.com/reviews/67eeca0ee29ac2738acdf499,2025-04-03T19:49:02.000Z
trustpilot,Notion,1,Good Product - Not Worth Dealing With The Support Team,"I have used Notion on and off for the last 6 years for both personal and business purposes. The core system is very useful as a productivity tool. There is a learning curve to use it effectively and it can be easy to spend more time building templates and systems than you will save using the systems.

My biggest complaint is with their billing and support. Every member that is added to a workspace will cost you, there is no ""Viewer"" option unlike other team productivity workbase tools, and this is fair if members are using the tool and getting value out of it. The problem is you ARE NOT informed of this billing when you add members to the team and there is a 3 day refund window policy. I only found out about the billing after looking at my credit card statement. I requested a refund for the seats I was charged for without my knowledge, not the one I willingly purchased, 4 days later - unaware of the 3 day policy - and was told I was eligible for a refund for the licenses I was not aware I was buying. Later when I went to get the refund I was told I was uneligible for a refund as it was outside the 3 day refund window. After escalating the refund request to another team I did receive the refund I requested; however I was not informed by the support team this would happen, all my licenses got revoked, even the one I willing paid for and did not ask to have refunded and my data was set to expire within a few days. Again, the only reason I found out about the refund is from looking at my credit card statement.

I am done with Notion forever. There are so many better tools out there both for your time and your budget.",https://www.trustpilot.com/reviews/67e850589a03e6551e450ff8,2025-03-29T21:56:08.000Z
trustpilot,Notion,1,No customer service team,No customer service team. They are a nightmare to work with. There are a million products out there that do the same thing that aren't anywhere close to as hard to work with. Save time/money/stress and don't use them.,https://www.trustpilot.com/reviews/67e8101f6f032087a446a35c,2025-03-29T17:22:07.000Z
trustpilot,Notion,1,This is my first-ever review,"This is my first-ever review, but Notion’s support was so bad that I had to write it. I canceled my paid subscription, yet out of nowhere, I was charged 3.5 times more than usual. Their support claimed it was because I added a user — which I never did. When I asked for a refund, they refused at first. Only after insisting did they offer me a laughable $12, while they basically stole around $60 from me. I repeatedly asked to speak with a supervisor, and they consistently ignored me. It was only when I involved their legal department and head of finance that I finally got reimbursed.

I still have a freemium account, but after this ugly experience, I don’t enjoy using it at all. Avoid Notion!",https://www.trustpilot.com/reviews/67e7c446a3008a757530a205,2025-03-29T11:58:30.000Z
trustpilot,Notion,1,Notion's Affiliate Program is a Complete Scam!,"Absolutely Appalling: Notion's Affiliate Program is a Complete Scam!

I’ve never been more enraged and disillusioned with a company in my entire life! Notion’s affiliate program is nothing short of a complete and utter scam, and I feel utterly swindled and taken advantage of. As an affiliate partner, I entered the program with optimism and the hope of earning commissions by referring users to their platform. Instead, my experience has been a never-ending nightmare.

Let’s start with the most glaring issue—Notion’s total failure to fulfill even the most basic promises they make to their affiliates. Once you’ve referred users and done all the work, they completely vanish into thin air. When it’s time to pay out commissions, they just go silent. I’ve reached out repeatedly, only to be met with absolute radio silence. No replies, no updates, nothing.

The level of disrespect and disregard Notion shows toward its affiliate partners is absolutely staggering. They’ve shown ZERO transparency and complete negligence when it comes to fulfilling their obligations. It’s impossible to get any clear answers from them, and they don’t seem to care in the slightest about the people who help promote their product.

This is not just unprofessional; it’s downright fraudulent. If you’re considering joining Notion’s affiliate program, DO NOT. You’ll be left empty-handed, with your hard-earned commissions still unpaid, while Notion refuses to take any responsibility for their complete failure to follow through. I strongly urge anyone considering any involvement with this company to think twice and avoid the headache.

After this disgraceful experience, I wouldn’t trust Notion with anything. They’ve shown nothing but contempt for their affiliates, and their lack of accountability is beyond infuriating. It’s time they step up, acknowledge their failures, and treat their partners with the respect they deserve.

STAY AWAY FROM NOTION! Do not waste another second of your time!",https://www.trustpilot.com/reviews/67e563d3bbb747d705224e4b,2025-03-27T16:42:27.000Z
trustpilot,Notion,1,Extremely Disappointing,"Extremely Disappointing: Notion’s Affiliate Program Is a Scam!

I have never been so frustrated with a company in my life! Notion’s affiliate program is an absolute scam, and I feel completely deceived and cheated. As an affiliate partner, I joined their program with high hopes of earning commissions from referring users to their platform. Unfortunately, my experience has been nothing short of a nightmare.

First and foremost, Notion has completely failed in fulfilling their promises. They blatantly ignore their affiliate partners once you’ve referred users, and when it comes time to pay out the earned commissions, they go completely silent. I have reached out multiple times with no response, and all inquiries regarding payments or the status of commissions have been met with complete radio silence.

It’s beyond frustrating to put in the effort to promote a product, generate traffic, and refer users, only to be completely ignored when it's time to pay up. Their lack of transparency and utter disregard for affiliate partners is truly appalling. They have shown no accountability for their actions, and their excuses are non-existent.

This kind of behavior is not only unprofessional, it’s downright fraudulent. If you are thinking about joining Notion’s affiliate program, save yourself the trouble. You’ll be left high and dry, with your hard-earned commissions unpaid, and with no one at Notion willing to take responsibility. I would highly advise staying away from any future dealings with this company.

I honestly wouldn’t trust Notion with anything after this experience, and I am deeply disappointed in their lack of respect for their affiliates. It's time they own up to their responsibilities and start treating their partners with the respect they deserve.

DO NOT WASTE YOUR TIME WITH NOTION!",https://www.trustpilot.com/reviews/67e2060d0237cdbbb0a1f179,2025-03-25T03:25:33.000Z
trustpilot,Notion,1,"Deceptive Billing, Terrible Support, and Zero Accountability – Avoid Notion!","I’m writing this review to warn others about Notion’s deceptive billing practices, inaccessible customer service, and complete lack of accountability. What started as a simple subscription downgrade request turned into a months-long nightmare that left me financially strained and deeply frustrated. If you’re considering Notion, think twice—their app might be sleek, but their customer service is a disaster.
Here’s what happened: I signed up for Notion’s premium plan but quickly realized the app didn’t offer the features I needed. I hadn’t used it in over two months, so on March 13, 2025, I emailed their support team to downgrade my account to the free plan, as their emails had stated I’d lose premium access if payment failed. I was fine with that—I just wanted out of the subscription. Instead of honoring my request, Notion kept trying to charge me. On March 18, 2025, the second funds hit my account, they deducted the payment—despite my clear instructions to downgrade.
I immediately requested a refund, explaining that I’m unemployed and needed the money for a specialist medical appointment that day. Because of Notion’s actions, I had to borrow money from my son to cover the cost, adding stress to an already difficult situation. Their response? A canned email from “the representative” (who, by the way, is just a Campus Ambassador, not even a proper support rep—more on that later), citing a 3-day refund window and refusing to help. The invoice they charged me for was issued on February 22, 2025, but I’d already requested a downgrade on March 13, well before the payment was taken. They ignored that completely.
It gets worse. Notion’s emails are contradictory and misleading. I have a screenshot of an email stating it was their “last attempt” to process payment, but the representative later claimed they can retry up to 8 times over a month—a direct contradiction. He also mentioned an unpaid invoice from January 22, 2025, but I’ve searched my inbox, spam, and trash—there’s ",https://www.trustpilot.com/reviews/67e1a8ad9b41271e08977b23,2025-03-24T20:47:09.000Z
trustpilot,Notion,1,HARD TO USE,"HARD TO USE
was absolutely loving the app until I added a page then my other pages deleted I couldn't get them back and it took my an hour to create them I tried to put them into another page and it also didn't work its very hard to use dosnet make sense wanted to rip out all my hair never use it unless you want to cry please do not use!",https://www.trustpilot.com/reviews/67e0bc789a6394045ac13918,2025-03-24T03:59:20.000Z
trustpilot,Notion,1,Really bad,"Really bad! doesnt let you delete blocks and re use them
Very greedy company!

its a scam bassicly and will waist allot of your precious time

do yourself a favor and stay far away from this garbage",https://www.trustpilot.com/reviews/67e03dde0b13ae9797b76a05,2025-03-23T18:59:10.000Z
trustpilot,Notion,1,Expensive,"Expensive, sluggish UI on iPad, need to make it better",https://www.trustpilot.com/reviews/67dd0fb0ee644b597141d0d4,2025-03-21T09:05:20.000Z
trustpilot,Notion,2,they prefer losing a former happy client for a ridiculous extra profit of 120 bucks!,"I really loved using Notion in the past. But now they want to charge me the double amount for an extra seat that I never booked nor confirmed.
Customer support seems to stubbornly insist on whatever policies, that they can not take out the incorrectly billed seat.
Obviously they prefer losing a former happy client for a ridiculous extra profit of 120 bucks.
Very disappointing business practice though...
I am out! Do not recommend!!",https://www.trustpilot.com/reviews/67db2f021c9187b2b4514b58,2025-03-19T22:54:26.000Z
trustpilot,Notion,1,Forces AI down your throat,"Forces AI down your throat.
i DONT WANT an AI to pop up at the press of a spacebar, and YOU CANT TURN IT OFF easily unless you are a paying customer! ridicolous!",https://www.trustpilot.com/reviews/67da88e304a6af052bd23730,2025-03-19T11:05:39.000Z
trustpilot,Notion,1,I am surprised by the restrictions you…,I am surprised by the restrictions you impose on users to unfairly increase the number of subscriptions that we do not need.,https://www.trustpilot.com/reviews/67d80fc3c535d04d8f0e7b4d,2025-03-17T14:04:19.000Z
trustpilot,Notion,1,Sooooo slow support,"I have been waiting for 2 weeks and they have not still solve my issue. This is so frustrating.
They have a really amazing product but the support is terrible.",https://www.trustpilot.com/reviews/67c698939e58fda7d3487c7e,2025-03-04T08:07:15.000Z
trustpilot,Notion,1,"SCAM! FLAWED, EXPENSIVE, LOW-TIER PLATFORM","By far the worst of all productivity platform I used by a large margin. Most of the time I can't even login due to error.

Against my better judgement, I spent $240 for subscription for two reasons. My partner wanted to use this trash (she no longer does) and the free version won't allow us to make changes whatsoever.

I'll reach out to support and get refund but I doubt I'll hear anything back.",https://www.trustpilot.com/reviews/67c5c24819b5a20fc731c402,2025-03-03T16:52:57.000Z
trustpilot,Notion,1,Scammers - Stay Away!!,"Absolute scumbags, don't give them your money!

I had a Plus Plan and shared two boards with my husband who has a free plan. Without any notice, Notion added my husband as a member to my personal account and doubled the Plus Plan charge. Not only that they double-charged me for two people, but they also added an extra charge for the plan changes that they implemented themselves!!
I didn't have a clue about any of this until I saw my bank balance - they don't notify you of any extra charges or account changes.

I sent them an email and I could see they opened it straight away (I have an email tracker) but dragged their feet with a delayed response, hoping they could use the 3-day deadline excuse for not refunding me.

Luckily, my card company could see immediately they are scammers and (after I provided all the evidence) they refunded me straight away.

Companies like this need to burn in hell.",https://www.trustpilot.com/reviews/67b8852143eecc38d2ff2bed,2025-02-21T15:52:33.000Z
trustpilot,Notion,1,SLOW SLOW and SLOWER..,"SLOW SLOW and SLOWER... UNUSABLE
When Notion started it was great. But think they are victim of their own success... Notion has become unusable because it is so damn SLOW. Pages take ages to load and when you paste images for example... sometime it simply does't work or respond... So I asked to Notion AI ""Why is Notion so slow"" ... The AI didn't respond either...useless",https://www.trustpilot.com/reviews/67abde46ed410ff4b1dafa36,2025-02-12T01:33:26.000Z
trustpilot,Notion,1,I’m very disappointed with Notion’s…,"I’m very disappointed with Notion’s refund policy. I accidentally added a member to my annual subscription and contacted support, but they refused a refund because I didn’t reach out within 3 days.

What’s frustrating is their policy allows 30 days to request refunds for annual subscriptions, yet this doesn’t apply to accidental member additions. This inconsistency is unfair, especially for an honest mistake. I find their approach rigid and lacking understanding toward users. Greater flexibility could have avoided this poor experience.

Additionally, they could have been more transparent at the time of renewal about the cost of using their AI features, which were free during the first year.

Due to these issues, I will not be renewing my subscription after my current annual period ends.",https://www.trustpilot.com/reviews/67965120694600e59c99e64f,2025-01-26T17:13:36.000Z
trustpilot,Notion,1,Warning,"Warning! Exercise extreme caution before considering this service. Based on multiple user experiences, the company has demonstrated a concerning pattern of continuing to process unauthorized withdrawals from customer accounts even after explicit cancellation requests have been submitted. Adding to these serious concerns, their customer support system appears to be completely unresponsive, making it virtually impossible to resolve any issues or disputes that arise.

In a recent and particularly troubling incident, they processed an unauthorized withdrawal of $770 from my account without any prior notification or consent. Given these predatory practices and the complete lack of accountability, it is clear that this operation does not meet the basic standards of a legitimate business entity. Potential customers should be aware of these significant risks to protect their financial security.",https://www.trustpilot.com/reviews/6786f4f8a17ac55b96843762,2025-01-15T01:36:24.000Z
trustpilot,Notion,1,Won't allow us to cancel after paying…,Won't allow us to cancel after paying annual. Most companies pro rata refund. Not notion. 1 star.,https://www.trustpilot.com/reviews/6780a10b6dc0ea5134559d84,2025-01-10T06:24:43.000Z
trustpilot,Notion,1,Warning,"Warning! Do not Pay for this shit, they will continue making withdrawals from your account after you cancel and it is impossible to get in touch with them.
Yesterday they withdrew 770USD from my account. It is not a serious company",https://www.trustpilot.com/reviews/6773fa0e783e40699912ee3e,2024-12-31T16:05:02.000Z
trustpilot,Notion,1,DO NOT USE for any sensitive material,"DO NOT USE for any sensitive material! All of my data has been completely wiped. Hours upon hours of work all gone. Support could not care less either. While this app seems fun to use, do not store anything on there you are not okay with losing.",https://www.trustpilot.com/reviews/67733fdb4102bceefd308505,2024-12-31T02:50:35.000Z
trustpilot,Notion,1,Site doesn't work most of the time,"Site doesn't work most of the time. I'm using notion since 2020 I guess. Still can't make it my primary note taking app. Why? Cause there are millions of issues with the site.
Even now I've sat down for a deep productive work. So decided to plan my thesis work. And voila. Notion not working. / doesn't bring any component menu. Page option button not working. Cannot drag gallery items. Cannot drag table items. And the list continues.

This is it. I quit notion. Stupid app with no consistent interface.",https://www.trustpilot.com/reviews/6770601466a0278ff4e132e5,2024-12-28T22:31:16.000Z
trustpilot,Notion,1,"Received Change Email Address Code, But Don't Have a Notion Account","I just received a change email address verification code from Notion. I've never heard of Notion, nor do I have an account with them. It's the weekend therefore I will have to wait to reach out to them. I even searched my email history and have zero emails from Notion apart from this one today December 21, 2024. This is scary troubling as either it's a phishing scam or someone is using my email address.",https://www.trustpilot.com/reviews/67673b8766a4fc8f12096c70,2024-12-22T00:04:55.000Z
trustpilot,Notion,1,Bugs Bugs Bugs,,https://www.trustpilot.com/reviews/67654ba01d05592fb6e8dbd0,2024-12-20T12:49:04.000Z
trustpilot,Notion,1,don't subscribe with them - they will restrict access,"Because I was travelling and forgot to cancel my subscription, notion is keeping my

Of course, they will reply with some corporate cringe below here probably but one thing is certain. I asked them to unlock my spaces to AT LEAST get the data out and they don't want

Basically, they keep my business-critical content at ransom. Absolutely despicable. WIll move to another PM tool and never go back.",https://www.trustpilot.com/reviews/674eb4d138d14beda30c5e1c,2024-12-03T09:35:45.000Z
trustpilot,Notion,1,Customer Satisfaction,"As a dedicated user of Notion, I am deeply dissatisfied with their response to a legitimate refund request concerning mistakenly added workspace members. Despite providing ample justification and acting promptly upon realizing the issue, Notion declined our request, hiding behind a rigid 72-hour policy.
Their refusal to issue a refund disregards the exceptional circumstances we outlined, including the lack of activity from the mistakenly added members and the delayed awareness of charges due to limited notification methods. This approach is not only inflexible but also inconsistent with the customer-focused image they portray.
We expected a more understanding and solution-oriented response, especially as loyal users. Unfortunately, this experience has left us questioning Notion's commitment to customer satisfaction and goodwill.",https://www.trustpilot.com/reviews/6745e0e66cd85c40be653354,2024-11-26T16:53:26.000Z
trustpilot,Notion,1,Bad experience with billing,,https://www.trustpilot.com/reviews/67456dd67321636e302c77c3,2024-11-26T08:42:30.000Z
trustpilot,Notion,1,Disappointed with Notion’s Inflexible Refund Policy: A Call for Better Customer Support,"As the CEO of a company that has relied on Notion as an integral part of our operations, I must express my profound disappointment with their handling of our refund request. Despite providing detailed evidence that additional members were mistakenly added to our workspace and subsequently removed, Notion has refused to issue a refund, citing rigid and inflexible policies.

While we respect the terms outlined on their Plans and Pricing page, their approach fails to consider the good faith efforts we made to rectify the mistake promptly. We only became aware of the charges upon reviewing our credit card statement, a delay caused by their lack of proactive notification mechanisms. Their refusal to accommodate such genuine situations raises serious concerns about customer service and satisfaction.

As a long-standing subscriber, we expected better support and understanding from Notion. We hope this feedback prompts them to reconsider their policies and adopt a more empathetic approach to addressing customer concerns.",https://www.trustpilot.com/reviews/6743833c76ef835979fee748,2024-11-24T21:49:16.000Z
trustpilot,Notion,1,"Originally a great product, now forces you to engage their AI and uses the 'free' platform to extort users","Whilst we originally had very high hopes for this product, and used it well professionally and personally for nearly two years, it has declined rapidly into a platform that force-feeds you the usage of a really lacklustre AI, that then offer a free platform that's seemingly purposely built to bait you into paying by unexpectedly locking all of your data in read-only until you do.

The AI features have been added to more and more parts of the UI over time, to the point where it was put in where other UI elements used to be, resulting in frequent accidental clicks due to muscle memory. This then immediately starts the AI engaging with you, which a) means your data is now shared with it, and b) you're dragged off what you were doing, for a most likely incorrect answer. They also removed the option to disable the AI from the free and even paid plans, for some odd reason, and now you have to jump through hoops with their support platform.

As for the free plan. It is free for collaborative use as long as you use less than 1000 'blocks', however, as of recently;
They removed the ability to tell how many blocks are used - seemingly to bait people into using them and ending up in this stalemate position.

They allow people to delete items to free up blocks, but only until they hit this (newly invisible) quota, then they lock their data read-only until you pay.

They give no credit to any user in this situation also having paid workspaces and wanting to keep different sets of data separated. Eg we pay hundreds per year for my wife and I to have one workspace with unlimited, but we use that for our professional projects, so used a free one for our house activities like tasks and shopping lists. Same users, just a different workspace.

They implemented an auto-delete feature for trashed items where the UI says old items will be deleted, but items trashed before that date actually don't get deleted.

They don't have a 'empty trash' button, so users have to painstakingly manuall",https://www.trustpilot.com/reviews/672be322c1307b3f67aa4d3e,2024-11-06T23:44:02.000Z
trustpilot,Notion,2,Its ok to use but when it comes to…,"Its ok to use but when it comes to renewing, and you want to downgrade you literally can't until you pay the bill for the a.i that you are trying to downgrade from. If you try to remove the a.i first it says 'pay your invoice first' - a circlular loop of hopelessness that has just seen me pay for a year for something I don't want just so I can have the basic notion. Five a.i generated generic emails from them none of them understanding what was happening and just telling me to remove the a.i from my account. I explained it wouldn't let me till I paid the bill (that included the next year of a.i). Awaiting a refund of £100 - fingers crossed. now looking at other solutions.",https://www.trustpilot.com/reviews/6725336e959564c35a1de97b,2024-11-01T22:00:46.000Z
trustpilot,Notion,1,Bad customer service and deceptive billing,"Their entire app is setup in a way that's confusing, so be on guard they don't keep charging your ""workspace"" even if you no longer have an account. It's deceptive. Their customer service is condescending and not very helpful.",https://www.trustpilot.com/reviews/671fcbd20613aef5389ad70c,2024-10-28T19:37:22.000Z
trustpilot,Notion,1,Terrible customer service,"Terrible customer service. They make it very easy to accidently upgrade to expensive business plan with single misclick which charges your card immediately. Customer service is then very slow to respond and incompetent and refuse to give back full refund.
Would be a good platform if customer service was not terrible",https://www.trustpilot.com/reviews/6706900e28aab4b09f43bdb1,2024-10-09T16:15:42.000Z
trustpilot,Notion,1,Recently,"Recently, I’ve been trying to cancel my membership and switch to the free version since I no longer wanted to pay for the subscription. However, I’m unable to remove my card, and they’ve charged me through an automatic deduction. When I reached out via email to request a refund, they claimed they couldn’t process it because it’s been more than three days since the invoice. But it’s their fault for taking too long to respond, and I have the receipts and everything showing how long they took. Now I’m stuck in this situation, even though it’s not my mistake. Their customer service is terrible.

If you want to see them or have a look at them I am open to showing it to you guys :)) screw notion",https://www.trustpilot.com/reviews/66f8a5bca5bacba6540ab7d1,2024-09-29T02:56:28.000Z
trustpilot,Notion,1,A dream that became a nightmare,"When I first subscribed to Notion, I realized that they were not honest with pricing. They were showing prices without taxes and suddenly I discovered extra charges for VAT.
Almost one year later, when it was about to renew, I discovered that the plan I have cost much more!
I searched more on the relevant section and I discovered other invoices issued later, whitout any warning.
I finlaty understood , that I had mistakenly activated some extra memers, due to a very delicate distinction between memebrs and quests. When I activated those extra memebrs, I thought it was free. They did not notify me but they charged my card whithout any warning!
Looking at internet discussion and forums, there many people that had the same experience!",https://www.trustpilot.com/reviews/66db1d1dbbd63c711eb111f8,2024-09-06T17:17:49.000Z
trustpilot,Notion,1,Account is blocked,Accounts are blocked based on geographic location,https://www.trustpilot.com/reviews/66db07fa48ff4c964173c27a,2024-09-06T15:47:38.000Z
trustpilot,Notion,1,Scammer Company,"In my bank history, I saw a $80 charge for notion. On August 20, I wrote to notion about the issue and asked them to cancel all subscriptions on my card. This time, on September 1, I received an invoice of around 120 dollars.

They did not cancel my card and did not help me with my support. I couldn't avoid their scam until I canceled my credit card from my bank and changed the number. No customer satisfaction or proper communication, they just take as much money as they can. Never trust, you can find many similar and better applications.

They caused me to lose more than $200 in total.",https://www.trustpilot.com/reviews/66d4843be1f70022dfded7f5,2024-09-01T17:11:55.000Z
trustpilot,Notion,1,The most discriminatory company,"I made a mistake 3 years ago when I decided to buy a subscription and support the developers. Now I have been living in Europe for a long time and pay with a European card, but because I once paid with a Russian card, they will take away my recently paid subscription and all my data. Think about supporting them, because sooner or later it may come back to bite you.",https://www.trustpilot.com/reviews/66d426f86b8e0ab9ab74dcf2,2024-09-01T10:34:00.000Z
trustpilot,Notion,1,Notion deletes accounts by nationality,"Notion decided to delete all accounts and data (!), including free ones, of Russian users due to “sanctions”, which, by the way, do not limit the distribution of free software.

This perfectly characterizes the company and its management.

Think well before using Notion, maybe next time they will stop liking your nationality.

I'm switching to a local open-source alternative and will never touch Notion again, even when they come back with an apology.",https://www.trustpilot.com/reviews/66cd8b289c4dee343fc5a61b,2024-08-27T10:15:36.000Z
trustpilot,Notion,1,They totally ripped us off!!,They totally ripped us off!!! My partner accidentally added users when trying to share documents. They had no understanding so we had to pay 5 times the bill that we should have had for a whole year! No consideration from their customer service!,https://www.trustpilot.com/reviews/66c9e180a21b756d3f5c83a6,2024-08-24T15:34:56.000Z
trustpilot,Notion,1,if you need to use it as task manager i…,if you need to use it as task manager i dont recommend it. i created all my docs and created teamspace and then it said i need to upgrade to use further. i didnt use it a lot but compare to trello for task management it sucks.,https://www.trustpilot.com/reviews/66c41a84875d42bccde49fe4,2024-08-20T06:24:36.000Z
trustpilot,Notion,1,They make it impossible to unsubscribe…,"They make it impossible to unsubscribe from their marketing emails. Have been trying for more than 3 weeks to get unsubscribe one of our ex-employees. Unsubscribe links do not work, customer support is helpless and useless.",https://www.trustpilot.com/reviews/66bf80fcf7dcaca1a5240bd2,2024-08-16T18:40:28.000Z
trustpilot,Notion,1,All my data is gone,"not reliable, you may lost all your data and there is no help from support they told me ask another person to invite you to the project and still it didnt help. I will never use online cloud based service for my notes . prefer to keep it local and safe .",https://www.trustpilot.com/reviews/66a614224ddd5d92556c7979,2024-07-28T11:49:22.000Z
trustpilot,Notion,1,Disappointed,"Disappointed! Extremely Disappointed!

I changed companies recently and I noticed that my notion was associated to my previous company email by mistake and I cannot change to the new one. I asked for support, I got a reply with the required information and I sent the information I could - 10 DAYS have passed and not a single word - nothing - not that we are working on it or the information is not valid please send something valid...but no reply at all...and I mentioned on the first email 13 days ago that it was urgent and still nothing.
Stay away from them...I am being made hostage with my own information that I wrote in their app and I am desparate need and I don't any reply. Extremely disappointed service and I was a paid user...so it doesn't matter paid or free you will get treated like the bottom of the barrel and with no reply...at all! STAY AWAY.",https://www.trustpilot.com/reviews/66a5153110c0c751cce1ed06,2024-07-27T17:41:37.000Z
trustpilot,Notion,1,I was willing to spend $10 for a…,"I was willing to spend $10 for a monthly subscription to their inferior AI for the sake of having it within Notion instead of continually going back and forth between Notion and ChatGPT.
Unfortunately, their subscription pop-ip is super unclear and I accidentally purchased an annual subscription thinking I was being offered a discount on the monthly rate. You actually have to do the math to see that the monthly rate in the box that looks as though its just a discounted monthly rate matches the box with the annual rate when multiplied by 12. There's no other indicator that, by clicking, you're agreeing to pay $96 instead of $8. And no purchase confirmation screen - one errant mouse click and I was out $96 that I can't afford right now.

On their website, Notion says that they have a 72-hour refund policy on accidental purchases in general and 30 days on purchases of any annual plan. But that requires the company to actually respond to customer service emails (which is the only way to reach them).

I emailed them immediately, and it took a day for me to receive a boiler plate response (with an incorrect assessment of my situation saying that I wanted to downgrade from an annual to a monthly plan - I was so ticked at the confusing interface and lack of any systematized way of requesting a refund that I just wanted a refund), and also saying that my request was being escalated to their finance team, but that the finance team had a ""ticket backlog"" so I might not hear back for a day or so. (I can guess why there's a ticket backlog with how confusing the purchase process is).

It's now been a full work week, and despite multiple follow ups there's been no response from this finance team. Yes, it's only been a week, but 1) $96 is a lot of money for some of us to be out for any amount of time when we didn't budget for it, 2) It's ridiculous that the matter of a simple refund needs to be ""escalated"" to a finance team at all - especially when they expound upon their ""no hassl",https://www.trustpilot.com/reviews/6691abf10f878fc25d0df029,2024-07-13T00:19:29.000Z
trustpilot,Notion,1,Absolute cowboys,"Absolute cowboys. Notion ""gifted"" my company $1000 in credit to ""try notion out."" The small print was that the credit expired after a year. We didn't use Notion. The account was wholly unused and dormant. With zero warnings, Notion quietly started charging us month after month. It took us the best part of a year to realise. They refused to refund anything other than the most recent month. Snakes.",https://www.trustpilot.com/reviews/66915bcfcb0b5b2e4c251a55,2024-07-12T18:37:35.000Z
